song,numerator_A,denominator_A,numerator_S,denominator_S
あの夏に咲け,18.5,55.5,,
カトレア,7.0,38.0,,
ブレーメン,16.0,51.00000000000001,,
冬眠,10.75,32.75,,
左右盲,8.166666666666666,32.166666666666664,21.199999999999996,63.20000000000001
爆弾魔,,,39.25,61.25
第一夜,,,8.292857142857143,26.29285714285714
老人と海,,,4.5,46.5
言って。,,,21.666666666666668,52.66666666666667
都落ち,,,8.5,27.5
４５１,,,2.375,35.375
